ae_competentAuthority,ae_homeMemberState,ae_lei_name,ae_lei,ae_lei_cou_code,ae_commercial_name,ae_address,ae_website,ae_website_platform,ac_authorisationNotificationDate,ac_authorisationEndDate,ac_serviceCode,ac_serviceCode_cou,ac_comments,ac_lastupdate
Austrian Financial Market Authority (FMA),AT,Bybit EU GmbH,5299005V5GBSN2A4C303,AT,Bybit,"Donau-City-Stra�e 7, 1220 Vienna, Austria",https://www.bybit.eu,,28/05/2025,,a. providing custody and administration of crypto-assets on behalf of clients | c. exchange of crypto-assets for funds | d. exchange of crypto-assets for other crypto-assets | f. placing of crypto-assets | j. providing transfer services for crypto-assets on behalf of clients,BE|BG|CY|CZ|DE|DK|EE|ES|FI|FR|GR|HR|HU|IE|IS|IT|LI|LT|LU|LV|NL|NO|PL|PT|RO|SE|SI|SK,,28/05/2025
Austrian Financial Market Authority (FMA),AT,Bitpanda GmbH,5493007WZ7IFULIL8G21,AT,Bitpanda,"Stella-Klein-L�w-Weg 17, 1020 Vienna, Austria",https://www.bitpanda.com,,09/04/2025,,a. providing custody and administration of crypto-assets on behalf of clients | c. exchange of crypto-assets for funds | d. exchange of crypto-assets for other crypto-assets | e. execution of orders for crypto-assets on behalf of clients | f. placing of crypto-assets | g. reception and transmission of orders for crypto-assets on behalf of clients | j. providing transfer services for crypto-assets on behalf of clients,BE|BG|CY|CZ|DE|DK|EE|ES|FI|FR|GR|HR|HU|IE|IS|IT|LI|LT|LU|LV|MT|NL|NO|PL|PT|RO|SE|SI|SK|,,18/04/2025
Austrian Financial Market Authority (FMA),,Cryptonow GmbH,529900LZM6X3GBFNLG10,AT,Cryptonow,"Marc-Aurel-Straße 10-12/15a, 1010 Vienna, Austria",https://www.cryptonow.at,,15/10/2025,,a. providing custody and administration of crypto-assets on behalf of clients | c. exchange of crypto-assets for funds | d. exchange of crypto-assets for other crypto-assets | j. providing transfer services for crypto-assets on behalf of clients,AT|BE|BG|CY|CZ|DE|DK|EE|ES|FI|FR|GR|HR|HU|IE|IS|IT|LI|LT|LU|LV|MT|NL|NO|PL|PT|RO|SE|SI|SK,,04/02/2026
Austrian Financial Market Authority (FMA) ,AT,AMINA (Austria) AG,5299005I4LYIFW7GKB54,AT,AMINA EU,"Seestrasse 6/13, 6900 Bregenz, Austria",https://eu.aminagroup.com,,29/10/2025,,a. providing custody and administration of crypto-assets on behalf of clients | c. exchange of crypto-assets for funds | d. exchange of crypto-assets for other crypto-assets | i. providing portfolio management on crypto-assets | j. providing transfer services for crypto-assets on behalf of clients,DK|DE|EE|FR|IE|IT|LU|MT|NL|PL|PT|ES|LI,,29/10/2025
Austrian Financial Market Authority (FMA) ,AT,FIOR Digital GmbH,529900HMYYJR2NHVZ124,AT,21bitcoin,"Rottweg 66, 5020 Salzburg, Austria",https://www.21bitcoin.app,,27/11/2025,,a. providing custody and administration of crypto-assets on behalf of clients | c. exchange of crypto-assets for funds | j. providing transfer services for crypto-assets on behalf of clients,BE|BG|CY|CZ|DE|DK|EE|ES|FI|FR|GR|HR|HU|IE|IS|IT|LI|LT|LU|LV|MT|NL|NO|PL|PT|RO|SE|SI|SK|,,27/11/2025
Austrian Financial Market Authority (FMA) ,AT,KuCoin EU Exchange GmbH,529900B4G0EGK7Z9KT45,AT,KuCoin EU,"Am Grünen Prater 2/3. Stock, 1020 Vienna, Austria",https://www.kucoin.eu,,27/11/2025,,a. providing custody and administration of crypto-assets on behalf of clients | c. exchange of crypto-assets for funds | d. exchange of crypto-assets for other crypto-assets | f. placing of crypto-assets |  j. providing transfer services for crypto-assets ,BE|BG|CY|CZ|DE|DK|EE|ES|FI|FR|GR|HR|HU|IE|IS|IT|LI|LT|LU|LV|NL|NO|PL|PT|RO|SE|SI|SK|,,27/11/2025
Austrian Financial Market Authority (FMA) ,AT,DADAT Krypto GmbH,529900KTP3Y86BZKY754,AT,DADAT,"Franz-Josef-Straße 22, 5020 Salzburg, Austria",https://www.dad.at/,,16/12/2025,,e. execution of orders for crypto-assets on behalf of clients,,,19/12/2025
Austrian Financial Market Authority (FMA) ,AT,Coinfinity GmbH,529900BSNR4XPZ6WBK17,AT,Coinfinity,"Griesgasse 10, 8020 Graz, Austria",https://coinfinity.co/,,19/12/2025,,a. providing custody and administration of crypto-assets on behalf of clients | c. exchange of crypto-assets for funds | d. exchange of crypto-assets for other crypto-assets | h. providing advice on crypto-assets | j. providing transfer services for crypto-assets on behalf of clients,DE|LU|LI,,19/12/2025
National Bank of Belgium (NBB),BE,KBC Bank NV,6B2PBRV1FCJDMR45RZ53,BE,KBC,"Havenlaan 2, 1080 Brussels",www.kbc.com,,,,a. providing custody and administration of crypto-assets on behalf of clients | e. execution of orders for crypto-assets on behalf of clients,BE,,13/01/2026
 Financial Supervision Commission (FSC),BG,Alaric Securities OOD,549300I48OJHSE9OZS95,BG,Alaric Securities,"20 Todor Aleksandrov bul., 1303 Sofia, Bulgaria",https://alaricsecurities.com/,,22/12/2025,,a. providing custody and administration of crypto-assets on behalf of clients | c. exchange of crypto-assets for funds | d. exchange of crypto-assets for other crypto-assets | e. execution of orders for crypto-assets on behalf of clients|f. placing of crypto-assets |g. reception and transmission of orders for crypto-assets on behalf of clients|h. providing advice on crypto-assets|i. providing portfolio management on crypto-assets|  j. providing transfer services ,BG,,22/12/2025
Cyprus Securities and Exchange Commission (CySEC),CY,eToro (Europe) Ltd,213800GIFQMSV7HROS23,CY,e Toro,"4 Profiti Ilias Street Kanika Business Centre, 7th Floor Germasogia CY-4046, Limassol",www.etoro.com,,16/01/2025,,a. providing custody and administration of crypto-assets on behalf of clients | c. exchange of crypto-assets for funds | e. execution of orders for crypto-assets on behalf of clients | g. reception and transmission of orders for crypto-assets on behalf of clients | h. providing advice on crypto-assets | j.providing transfer services for crypto-assets on behalf of clients,AT | BE | BG | CY | CZ | DE | DK | EE | ES | FI | FR | GR | HR | HU | IE | IS | IT | LI | LT | LU | LV | MT | NL | NO | PL | PT | RO | SE | SI | SK,,09/09/2025
Cyprus Securities and Exchange Commission (CySEC),CY,COLLECT & EXCHANGE CY LTD,2138005C815T9EZU4C75,CY,COLLECT & EXCHANGE CY LTD,"13 Thesalonikis, 3025, Limassol, Cyprus",https://collectnexchange.cy/,,22/09/2025,,a. providing custody and administration of crypto-assets on behalf of clients | c. exchange of crypto-assets for funds | d. exchange of crypto-assets for other crypto-assets | j. providing transfer services for crypto-assets on behalf of clients,AT|BE|BG|CY|CZ|DE|DK|EE|EL|ES|FI|FR|HR|HU|IE|IS|IT|LI|LT|LU|LV|MT|NL|NO|PL|PT|RO|SE|SI|SK,,29/09/2025
Cyprus Securities and Exchange Commission (CySEC),CY,Trading 212 Markets Ltd ,21380045KC28948FNE32,CY,,"Agias Fylaxeos, 1, Floor 2, Flat/Office 1, 3025, Limassol, Cyprus",www.trading212.com,,22/09/2025,,a. providing custody and administration of crypto-assets on behalf of clients | c. exchange of crypto-assets for funds | e. execution of orders for crypto-assets on behalf of clients | g. reception and transmission of orders for crypto-assets on behalf of clients,AT|BE|BG|CY|CZ|DE|DK|EE|EL|ES|FI|FR|HR|HU|IE|IS|IT|LI|LT|LU|LV|MT|NL|NO|PL|PT|RO|SE|SI|SK,,29/09/2025
Cyprus Securities and Exchange Commission (CySEC),CY,Stratos Europe Ltd,549300LZMQXXYV4JJ603,CY,Tradu,"33 NEAS EGKOMIS, NICOSIA, 2409, Cyprus",https://www.tradu.com/eu/ ,,14/10/2025,,a. providing custody and administration of crypto-assets on behalf of clients | c. exchange of crypto-assets for funds |d. exchange of crypto-assets for other crypto assets,AT|BE|BG|CY|CZ|DE|DK|EE|EL|ES|FI|FR|HR|HU|IE|IS|IT|LI|LT|LU|LV|MT|NL|NO|PL|PT|RO|SE|SI|SK,,14/10/2025
Cyprus Securities and Exchange Commission (CySEC),CY,Revolut Digital Assets (Europe) Ltd,549300ET4IUR6RCZOL84,CY,Revolut ,"Soho Embassy; Omonoias 13, 3052, Limassol, Cyprus ",https://www.revolut.com/en-CY/crypto/,,20/10/2025,,a. providing custody and administration of crypto-assets on behalf of clients  | c. exchange of crypto-assets for funds | d. exchange of crypto-assets for other crypto-assets | b. operation of a trading platform for crypto-assets |f. placing of crypto-assets  | f. placing of crypto-assets | j. providing transfer services for crypto-assets on behalf of clients,AT|BE|BG|CY|CZ|DE|DK|EE|EL|ES|FI|FR|HR|HU|IE|IS|IT|LI|LT|LU|LV|MT|NL|NO|PL|PT|RO|SE|SI|SK,,21/10/2025
Cyprus Securities and Exchange Commission (CySEC),CY,TEROXX DIGITAL ASSET LTD,636700PBO692C1R9V561,CY,TEROXX DIGITAL ASSET LTD,"Kalogreon 4, Nicolaides Sea View City, Floor 4, Office D1, Larnaka, Cyprus",www.teroxx.com,,13/10/2025,,a. providing custody and administration of crypto-assets on behalf of clients | c.exchange of crypto-assets for funds | d. exchange of crypto-assets for other crypto-assets | e. execution of orders for crypto-assets on behalf of clients | f. placing of crypto-assets | h. providing advice on crypto assets | i. providing portfolio management on crypto-assets | j. providing transfer services for crypto-assets on behalf of clients,AT|BE|BG|CY|CZ|DE|DK|EE|EL|ES|FI|FR|HR|HU|IE|IT|LT|LU|LV|MT|NL|PL|PT|RO|SE|SI|SK,,21/10/2025
Cyprus Securities and Exchange Commission (CySEC),CY,CAPITAL VAULT LTD,984500C46B3B7B69Y904,CY,capital.com,"Vasileiou Makedonos 8, KINNIS BUSINESS CENTER, 3rd floor, 3040 Limassol, Cyprus",www.capital.com ,,01/12/2025,,providing custody and administration of crypto-assets on behalf of clients|exchange of crypto-assets for funds | exchange of crypto-assets for other crypto-assets|execution of orders for crypto-assets on behalf of clients |,AT|BE|BG|CY|CZ|DE|DK|EE|EL|ES|FI|FR|HR|HU|IE|IT|LT|LU|LV|MT|NL|PL|PT|RO|SE|SI|SK,,20/02/2026
Cyprus Securities and Exchange Commission (CySEC),CY,PELICAN EXCHANGE EUROPE (CY) LTD ,984500EBL33F46CBF732,CY,,"Agios Zonis 50, Arianthi Court, 2nd floor, 3090, Limassol, Cyprus",www.pelicaneu.com,,22/12/2025,,execution of orders for crypto-assets on behalf of clients |reception and transmission of orders for crypto-assets  providing advice on crypto-assets on behalf of clients |providing portfolio management on crypto-assets,AT|BE|BG|CY|CZ|DE|DK|EE|EL|ES|FI|FR|HR|HU|IE|IT|LT|LU|LV|MT|NL|PL|PT|RO|SE|SI|SK,,02/02/2026
Czech National Bank (CNB),CZ,Invity Finance s.r.o.,64880741U1SN9TUWJ897,CZ,,"Kundratka 2359/17a, 180 00 Prague",www.invity.io,,11/02/2026,,a. providing custody and administration of crypto-assets on behalf of clients |c. exchange of crypto-assets for funds | d. exchange of crypto-assets for other crypto-assets | e. execution of orders for crypto-assets on behalf of clients | g. reception and transmission of orders for crypto-assets on behalf of clients |j. providing transfer services for crypto-assets on behalf of clients,AT | DE | IT | SK,,13/02/2026
Czech National Bank (CNB),CZ,MP Developers s.r.o.,64889KAWPMO81X649843,CZ,,"Køižíkova 710/30, 186 00 Prague",www.anycoin.cz ,,11/02/2026,,a. providing custody and administration of crypto-assets on behalf of clients | b. operation of a trading platform for crypto-assets | c. exchange of crypto-assets for funds | d. exchange of crypto-assets for other crypto-assets | e. execution of orders for crypto-assets on behalf of clients ,,,13/02/2026
Czech National Bank (CNB),CZ,ILAVO GROUP a.s.,315700DWN9FHXPPTHD55,CZ,,"Pražákova 1024/66a, 639 00 Brno",https://www.ilavo.cz/cs,,12/02/2026,,a. providing custody and administration of crypto-assets on behalf of clients | c. exchange of crypto-assets for funds | d. exchange of crypto-assets for other crypto-assets | e. execution of orders for crypto-assets on behalf of clients | g. reception and transmission of orders for crypto-assets on behalf of clients | j. providing transfer services for crypto-assets on behalf of clients,,,13/02/2026
Czech National Bank (CNB),CZ, Pluso a.s.,315700GXG7KIZFLV9R66,CZ,,"Politických vězňů 156/21, 266 01 Beroun",https://www.pluso.cz/,,27/02/2026,,a. providing custody and administration of crypto-assets on behalf of clients | c. exchange of crypto-assets for funds | d. exchange of crypto-assets for other crypto-assets | j. providing transfer services for crypto-assets on behalf of clients,CZ,,02/03/2026
Czech National Bank (CNB),CZ,COINMATE a.s.,3157005QCM6Y91CUV844,CZ,,"Pernerova 697/35, 186 00 Praha",https://coinmate.io/cs,,27/02/2026,,a. providing custody and administration of crypto-assets on behalf of clients | b. operation of a trading platform for crypto-assets | c. exchange of crypto-assets for funds | d. exchange of crypto-assets for other crypto-assets | j. providing transfer services for crypto-assets on behalf of clients,CZ,,02/03/2026
Czech National Bank (CNB),CZ,MipSoftware s.r.o.,9845006074DB79BFA392,CZ,,"Na příkopě 848/6, 110 00 Praha",https://coinero.cz,,27/02/2026,,a. providing custody and administration of crypto-assets on behalf of clients | e. execution of orders for crypto-assets on behalf of clients | j. providing transfer services for crypto-assets on behalf of clients,CZ,,02/03/2026
Federal Financial Supervisory Authority (BaFin),DE,Boerse Stuttgart Digital Custody GmbH,529900RC04FR9EHUT228,DE,Boerse Stuttgart Digital Custody GmbH,Börsenstraße 4 - 70174 Stuttgart,www.bsdigital.com,,17/01/2025,,a. providing custody and administration of crypto-assets on behalf of clients|j. providing transfer services for crypto-assets on behalf of clients,DE|IT|ES|FR|AT|SI|GR|SK,,15/07/2025
Federal Financial Supervisory Authority (BaFin),DE,Bitpanda Asset Management GmbH,9845005X9B7N610K0093,DE,Bitpanda Asset Management GmbH,Dircksenstraße 4 - 10179 Berlin ,www.bitpanda.com,,24/01/2025,,a. providing custody and administration of crypto-assets on behalf of client|c. exchange of crypto-assets for funds|d. exchange of crypto-assets for other crypto-assets|j. providing transfer services for crypto-assets on behalf of clients,DE|AT|BE|BG|CH|CY|CZ|DK|EE|EL|ES|FI|FR|HR|HU|IE|IS|IT|LI|LT|LU|LV|MT|NL|NO|PL|PT|RO|SE|SI|SK,,06/02/2025
Federal Financial Supervisory Authority (BaFin),DE,Tradias GmbH,529900FYBTAGIOS54M10,DE,Tradias GmbH,Roßmarkt 21 - 60311 Frankfurt am Main,www.tradias.de,,19/03/2025,,c. exchange of crypto-assets for funds|d. exchange of crypto-assets for other crypto-assets|e. execution of orders for crypto-assets on behalf of clients|f. placing of crypto-assets|j. providing transfer services for crypto-assets on behalf of clients,DE|AT|BE|BG|CY|CZ|DK|EE|ES|FI|FR|GR|HR|HU|IE|IT|LI|LT|LU|LV|MT|NL|NO|PL|PT|RO|SE|SI|SK,,08/04/2025
Federal Financial Supervisory Authority (BaFin),DE,EUWAX AG,529900032TYR45XIEW79,DE,EUWAX AG,Börsenstraße 4 - 70174 Stuttgart,www.euwax-ag.de,,01/04/2025,,c. exchange of crypto-assets for funds|d. exchange of crypto-assets for other crypto-assets|e. execution of orders for crypto-assets on behalf of clients,DE|AT|ES|FR|IT|SI|GR|SK,,21/11/2025
Federal Financial Supervisory Authority (BaFin),DE,flatexDEGIRO Bank AG,529900MKYC1FZ83V3121,DE,flatexDEGIRO Bank AG,Große Gallusstr. 16-18 - 60312 Frankfurt am Main - Germany,www.flatexdegiro.com/de/flatexdegiro-bank/login,,04/04/2025,,e. execution of orders for crypto-assets on behalf of clients,DE|AT|BE|CZ|DK|ES|FI|FR|GR|IE|IT|NL|PL|PT|SE,,04/04/2025
Federal Financial Supervisory Authority (BaFin),DE,360 Treasury Systems AG,529900P0204W9HA8JP36,DE,360 Treasury Systems AG,Grüneburgweg 16-18 - 60322 Frankfurt am Main,www.360t.com,,02/04/2025,,b. operation of a trading platform for crypto-assets,DE|AT|BE|BG|CY|CZ|DK|EE|ES|FI|FR|GR|HR|HU|IE|IT|LI|LT|LU|LV|MT|NL|NO|PL|PT|RO|SE|SI|SK,,10/04/2025
Federal Financial Supervisory Authority (BaFin),DE,Trade Republic Bank GmbH,5299009IFX1XTKDY4568,DE,Trade Republic Bank GmbH,Brunnenstraße 19 - 21 10119 Berlin,https://traderepublic.com/,,28/04/2025,,a. providing custody and administration of crypto-assets on behalf of client|e. execution of orders for crypto-assets on behalf of clients|g. reception and transmission of orders for crypto-assets on behalf of clients|j. providing transfer services for crypto-assets on behalf of clients,DE|AT|BE|BG|HR|CY|CZ|DK|EE|FI|FR|GR|HU|IS|IE|IT|LV|LI|LT|LU|MT|NL|NO|PL|PT|RO|SK|SI|ES|SE,,24/04/2025
Federal Financial Supervisory Authority (BaFin),DE,BitGo Europe GmbH,391200IJ3B1IP7993O16,DE,BitGo Europe GmbH,Neue Rothofstraße 13-19 60313 Frankfurt / Main,https://www.bitgo.de/entities/bitgoeuropegmbh/,,09/05/2025,,a. providing custody and administration of crypto-assets on behalf of clients|c. exchange of crypto-assets for funds|d. exchange of crypto-assets for other crypto-assets|e. execution of orders for crypto-assets on behalf of clients|g. reception and transmission of orders for crypto-assets on behalf of clients|j. providing transfer services for crypto-assets on behalf of clients,AT|BE|BG|CY|CZ|DK|DE|EE|EL|ES|FI|FR|HR|HU|IE|IS|IT|LI|LT|LU|LV|MT|NL|NO|PL|PT|RO|SE|SI|SK,,02/09/2025
Federal Financial Supervisory Authority (BaFin),DE,N26 Bank SE,529900JB9XYZ8E87N345,DE,N26 Bank SE,Voltairestrasse 8 10179 Berlin,"N26 – Die erste Onlinebank, die du lieben wirst",,14/05/2025,,g. reception and transmission of orders for crypto-assets on behalf of clients,DE|AT|BE|DE|ES|FR|IE|PT,,14/05/2025
Federal Financial Supervisory Authority (BaFin),DE,Baader Bank Aktiengesellschaft,529900JFOPPEDUR61H13,DE,Baader Bank AG,Weihenstephaner Str. 4 85716 Unterschleißheim,https://www.baaderbank.de/,,16/05/2025,,e. execution of orders for crypto-assets on behalf of clients,AT|BE|BG|CY|CZ|DK|DE|EE|ES|FI|FR|GR|HR|HU|IE|IT|LI|LT|LU|LV|MT|NL|NO|PL|PT|RO|SE|SI|SK,,16/05/2025
Federal Financial Supervisory Authority (BaFin),DE,Commerzbank Aktiengesellschaft ,851WYGNLUQLFZBSYGB56,DE,Commerzbank Aktiengesellschaft ,Kaiserplatz - 60311 Frankfurt am Main,Commerzbank AG – Investor Relations,,07/04/2025,,a. providing custody and administration of crypto-assets on behalf of clients|j. providing transfer services for crypto-assets on behalf of clients,DE|IT,,04/06/2025
Federal Financial Supervisory Authority (BaFin),DE,Baden-Württembergische Wertpapierbörse GmbH,529900A0WHA0NVXY0G45,DE,Baden-Württembergische Wertpapierbörse GmbH,Börsenstraße 4 - 70174 Stuttgart,https://www.bsdex.de/de/,,03/07/2025,,b. operation of a trading platform for crypto-assets,DE,,04/07/2025
Federal Financial Supervisory Authority (BaFin),DE,Crypto Finance (Deutschland) GmbH,3912009ZGE8258OMPE28,DE,Crypto Finance (Deutschland) GmbH,Bockenheimer Anlage 46 - 60322 Frankfurt am Main,https://www.crypto-finance.com/germany/de/ ,,24/01/2025,,a. providing custody and administration of crypto-assets on behalf of clients|c. exchange of crypto-assets for funds|d. exchange of crypto-assets for other crypto-assets|e. execution of orders for crypto-assets on behalf of clients|j. providing transfer services for crypto-assets on behalf of clients,DE|BE|ES|FR|GR|IT|LI|LU|MT|NL|PL|PT,,23/05/2025
Federal Financial Supervisory Authority (BaFin),DE,Traders Place GmbH & Co. KGaA,5299005Y5T6LXFAXDQ78,DE,Traders Place GmbH & Co. KGaA,Sägewerkstraße 3 - 83395 Freilassing,https://tradersplace.de/angebot/uebersicht/kryptowaehrungen,,21/07/2025,,g. reception and transmission of orders for crypto-assets on behalf of clients,DE,,21/07/2025
Federal Financial Supervisory Authority (BaFin),DE,Tangany GmbH,529900WKXS5ZPJY9W498,DE,Tangany GmbH,Brienner Straße 53 - 80333 München,www.tangany.com,,08/08/2025,,a. providing custody and administration of crypto-assets on behalf of client|j. providing transfer services for crypto-assets on behalf of clients,DE|AT|BE|BG|CY|CZ|DK|EE|ES|FI|FR|GR|HR|HU|IE|IT|LT|LU|LV|MT|NL|PL|PT|RO|SE|SI|SK,,08/08/2025
Federal Financial Supervisory Authority (BaFin),DE,Smartbroker AG,391200N0BYCZF2F43264,DE,Smartbroker AG,Ritterstraße 11 - 10969 Berlin,https://www.smartbrokerplus.de/de-de/,,11/08/2025,,g. reception and transmission of orders for crypto-assets on behalf of clients,DE,,11/08/2025
Federal Financial Supervisory Authority (BaFin),DE,Dietrich & Richter Private Asset Management AG,98450068F88BDF3E8D32,DE,Dietrich & Richter Private Asset Management AG,Am Fliegerhorst 12 - 38642 Goslar,https://www.drpam.de/,,18/08/2025,,"h.providing advice on crypto-assets | i.	providing portfolio management on crypto-assets",DE,,
Federal Financial Supervisory Authority (BaFin),DE,Bullish Europe GmbH,2549008CBASK5Q680X12,DE,Bullish Europe GmbH,"Bockenheimer Anlage 46, 60322 Frankfurt am Main",https://bullish.com/home-de/,,04/09/2025,,a. providing custody and administration of crypto-assets on behalf of clients|c. exchange of crypto-assets for funds|d. exchange of crypto-assets for other crypto-assets|e. execution of orders for crypto-assets on behalf of clients|j. providing transfer services for crypto-assets on behalf of clients,DE|AT|ES|FR|IT|NL|PT,,04/09/2025
Federal Financial Supervisory Authority (BaFin),DE,V-Bank AG,529900FB29C36LKTAW50,DE,V-Bank AG,"Rosenheimer Straße 116, 81669 München",https://www.v-bank.com/,,19/09/2025,,a. providing custody and administration of crypto-assets on behalf of clients|e. execution of orders for crypto-assets on behalf of clients|j. providing transfer services for crypto-assets on behalf of clients,DE,,19/09/2025
Federal Financial Supervisory Authority (BaFin),DE,Bankhaus Scheich Wertpapierspezialist AG,54930079HJ1JTMKTW637,DE,Bankhaus Scheich Wertpapierspezialist AG,Roßmarkt 21 - 60311 Frankfurt am Main,www.bankhaus-scheich.de,,07/08/2025,,c. exchange of crypto-assets for funds|c. exchange of crypto-assets for other crypto-assets|e. execution of orders for crypto-assets on behalf of clients|e. placing of crypto-assets|f.reception and transmission of orders for crypto-assets on behalf of clients|g. providing advice on crypto-assets |h. providing portfolio management on crypto-assets,DE,,14/10/2025
Federal Financial Supervisory Authority (BaFin),DE,Lang & Schwarz TradeCenter AG & Co. KG,5299000TZ4OSOOGU1120,DE,Lang & Schwarz TradeCenter AG & Co. KG,"Breite Strasse 34, 40213 Düsseldorf",https://www.ls-tc.de/de/,,22/10/2025,,c. exchange of crypto-assets for funds|d. exchange of crypto-assets for other crypto-assets,DE,,22/10/2025
Federal Financial Supervisory Authority (BaFin),DE,DonauCapital Wertpapier GmbH,894500C1QM5XBU31PT95,DE,DonauCapital Wertpapier GmbH,"Passauer Str. 5, 94161 Ruderting",https://www.donaucapital.de,,27/10/2025,,g. reception and transmission of orders for crypto-assets on behalf of clients,DE,,27/10/2025
Federal Financial Supervisory Authority (BaFin),DE,Volksbank Raiffeisenbank Bayern Mitte eG,529900ZW3QH424NY3959,DE,Volksbank Raiffeisenbank Bayern Mitte eG,"Südliche Ringstraße 66, 85053 Ingolstadt",www.vr-bayernmitte.de,,05/11/2025,,"e. execution of orders for crypto-assets on behalf of clients, g. reception and transmission of orders for crypto-assets on behalf of clients",DE,,05/11/2025
Federal Financial Supervisory Authority (BaFin),DE,Huddlestock GmbH,549300Y6TSD1DUCXD871,DE,Huddlestock GmbH,"Isartorplatz 8, 80331 München",www.huddlestock.com,,06/11/2025,,g. reception and transmission of orders for crypto-assets on behalf of clients,DE,,06/11/2025
Federal Financial Supervisory Authority (BaFin),DE,sino Aktiengesellschaft,5299008GFCQY16M45R85,DE,sino Aktiengesellschaft,Ernst-Schneider-Platz 1 - 40212 Düsseldorf,https://www.sino.de/,,24/11/2025,,g. reception and transmission of orders for crypto-assets on behalf of clients,DE,,24/11/2025
Federal Financial Supervisory Authority (BaFin),DE,Hyphe Markets GmbH,3912000K5NAA00M4HH04,DE,Hyphe Markets GmbH,"Hyphe Markets GmbH, D-80538 München",https://hyphe.com/,,24/11/2025,,c. exchange of crypto-assets for funds,DE,,25/11/2025
Federal Financial Supervisory Authority (BaFin),DE,Deutsche WertpapierService Bank AG,529900EXG2PM316ISO63,DE,Deutsche WertpapierService Bank AG (dwpbank),"Wildunger Straße 14, 60487 Frankfurt am Main",https://dwpbank.de,,04/12/2025,,e. execution of orders for crypto-assets on behalf of clients,DE,,27/11/2025
Federal Financial Supervisory Authority (BaFin),DE,DekaBank Deutsche Girozentrale,0W2PZJM8XOY22M4GG883,DE,DekaBank Deutsche Girozentrale,"Große Gallusstraße 14, 60315 Frankfurt am Main",https://www.deka.de/deka-gruppe,,01/12/2025,,"a. providing custody and administration of crypto-assets on behalf of clients | e. execution of orders for crypto-assets on behalf of clients | j.	providing transfer services for crypto-assets on behalf of clients.",DE,,01/12/2025
Federal Financial Supervisory Authority (BaFin),DE,EUWAX AG,529900032TYR45XIEW79,DE,EUWAX AG,Börsenstraße 4 - 70174 Stuttgart,www.euwax-ag.de,,21/11/2025,,e. execution of orders for crypto-assets on behalf of clients,DE,,21/11/2025
Federal Financial Supervisory Authority (BaFin),DE,Hauck Aufhäuser Digital Custody GmbH,391200LACJ601I2ONV49,DE,Hauck Aufhäuser Digital Custody GmbH,"Kaiserstraße 24, 60311 Frankfurt am Main",https://www.hal-privatbank.com/asset-servicing/digitale-assets/regulierte-kryptoverwahrung,,28/11/2025,,a. providing custody and administration of crypto-assets on behalf of clients|j. providing transfer services for crypto-assets on behalf of clients,DE,,03/12/2025
Federal Financial Supervisory Authority (BaFin),DE,Fels wealth GmbH,391200LUYJY880GPSY38,DE,Fels wealth GmbH,"Dieselstraße 2, 65779 Kelkheim (Taunus)",https://followmymoney.de/,,10/12/2025,,"e. execution of orders for crypto-assets on behalf of clients, g. reception and transmission of orders for crypto-assets on behalf of clients, h. providing advice on crypto-assets, i. providing portfolio management on crypto-assets",DE,,10/12/2025
Federal Financial Supervisory Authority (BaFin),DE,Westerwald Bank eG Volks- und Raiffeisenbank,52990071YX99SH321F74,DE,Westerwald Bank eG Volks- und Raiffeisenbank,"Kirchstraße 2-4, 56410 Montabaur",www.westerwaldbank.de,,11/12/2025,,e. execution of orders for crypto-assets on behalf of clients,DE,,11/12/2025
Federal Financial Supervisory Authority (BaFin),DE,Hannoversche Volksbank eG,529900MQJIQGD8N3YV53,DE,Hannoversche Volksbank eG,"Kurt-Schuhmacher-Straße 19, 30159 Hannover",https://www.hannoversche-volksbank.de/,,12/12/2025,,e. execution of orders for crypto-assets on behalf of clients,DE,,12/12/2025
Federal Financial Supervisory Authority (BaFin),DE,VR TeilhaberBank Metropolregion Nürnberg eG,529900ZMDTSQYEYCKL45,DE,VR TeilhaberBank Metropolregion Nürnberg eG,"Bahnhofstraße 2, 91413 Neustadt a.d. Aisch",www.vr-teilhaberbank.de,,12/12/2025,,e. execution of orders for crypto-assets on behalf of clients,DE,,12/12/2025
Federal Financial Supervisory Authority (BaFin),DE,Volksbank Mittlerer Schwarzwald eG,5299009A1SAL2URXG283,DE,Volksbank Mittlerer Schwarzwald eG,"Vorstadtstrasse 52,77709 Wolfach",https://www.voba-msw.de,,05/11/2025,,e. execution of orders for crypto-assets on behalf of clients,DE,,05/11/2025
Federal Financial Supervisory Authority (BaFin),DE,IG Europe GmbH,213800HFC5G4V293BN91,DE,IG Europe GmbH,"Westhafenplatz 1, 60327 Frankfurt",https://www.ig.com/de,,21/11/2025,,a. providing custody and administration of crypto-assets on behalf of clients|c. exchange of crypto-assets for funds|d. exchange of crypto-assets for other crypto-assets|e. execution of orders for crypto-assets on behalf of clients|,DE|AT|HR|CY|CZ|DK|EE|FI|FR|GR|HU|IE|IT|LV|LI|LT|LU|MT|NL|NO|PL|PT|RO|SK|SI|ES|SE,,12/12/2025
Federal Financial Supervisory Authority (BaFin),DE,Volksbank Raiffeisenbank Würzburg eG,529900YT5VCRYQ5WI821,DE,Volksbank Raiffeisenbank Würzburg eG,"Theaterstraße 28, 97070 Würzburg",https://www.vr-bank-wuerzburg.de,,17/12/2025,,e. execution of orders for crypto-assets on behalf of clients,DE,,17/12/2025
Federal Financial Supervisory Authority (BaFin),DE,VR-Bank Rottal-Inn eG,529900APX10RF2PBTB22,DE,VR-Bank Rottal-Inn eG,"VR-Bank-Straße 1, 84347 Pfarrkirchen",www.vrbk.de,,16/12/2025,,e. execution of orders for crypto-assets on behalf of clients,DE,,16/12/2025
Federal Financial Supervisory Authority (BaFin),DE,VR Bank Südpfalz eG,529900MBFU46N7U7MF46,DE,VR Bank Südpfalz eG,"Waffenstraße 15, 76829, Landau in der Pfalz",www.vrbank-suedpfalz.de ,,12/12/2025,,e. execution of orders for crypto-assets on behalf of clients,DE,,12/12/2025
Federal Financial Supervisory Authority (BaFin),DE,Sutor Bank GmbH,529900BQBP4JMDPM6Q19,DE,Sutor Bank GmbH,"Hermannstraße 46, 20095 Hamburg",https://www.sutorbank.de/,,18/12/2025,,e. execution of orders for crypto-assets on behalf of clients,DE,,18/12/2025
Federal Financial Supervisory Authority (BaFin),DE,wSw PortfolioManagement AG,3912005CEQV0XYGFEO78,DE,wSw PortfolioManagement AG,"Johann-Georg-Straße 21/22, 10709 Berlin",www.wsw-pm.de,,19/12/2025,,g. reception and transmission of orders for crypto-assets on behalf of clients,DE,,19/12/2025
Federal Financial Supervisory Authority (BaFin),DE,FIDUS Finanz AG,529900XCSUEUBT5TX310,DE,FIDUS Finanz AG,August-Schanz-Straße 30-32 ,https://fidus-ag.de,,19/12/2025,,e. execution of orders for crypto-assets on behalf of clients|g. reception and transmission of orders for crypto-assets on behalf of clients|h. providing advice on crypto-assets|i. providing portfolio management on crypto assets,DE,,19/12/2025
Federal Financial Supervisory Authority (BaFin),DE,DZ BANK AG Deutsche Zentral-Genossenschaftsbank,529900HNOAA1KXQJUQ27,DE,DZ BANK AG Deutsche Zentral-Genossenschaftsbank,"Platz der Republik, 60325 Frankfurt am Main",https://www.dzbank.de,,23/12/2025,,e. execution of orders for crypto-assets on behalf of clients,DE,,23/12/2025
Federal Financial Supervisory Authority (BaFin),DE,Tradevest Digital Assets GmbH,529900SUZQE32VSCS310,DE,Tradevest,"Prannerstr. 15, 80333 München",www.tradevest.ai,,19/12/2025,,a. providing custody and administration of crypto-assets on behalf of clients ;  j. providing transfer services for crypto-assets on behalf of clients,DE,,19/12/2025
Federal Financial Supervisory Authority (BaFin),DE,ISF Institut Deutsch-Schweizer Finanzdienstleistungen GmbH,529900N0VN8J4S4SCG77,DE,ISF Institut Deutsch-Schweizer Finanzdienstleistungen GmbH,"Eysseneckstrasse 31, 60322 Frankfurt am Main",www.isf-institut.de,,28/01/2026,,g. reception and transmission of orders for crypto-assets on behalf of clients,DE,,28/01/2026
Federal Financial Supervisory Authority (BaFin),DE,Plutos Vermögensverwaltung AG,391200PNJ2SKONA02N07,DE,Plutos Vermögensverwaltung AG,"Geleitsstraße 14, 60599 Frankfurt am Main",www.plutos.de,,25/02/2026,,i. providing portfolio management on crypto-assets,DE,,25/02/2026
Finanstilsynet,DK,Penning Financial Services ApS,9845000E4A7414709361,DK,Penning,"Frederiksgaards Allé 16A, st. th, 2720 Vanlose",www.penning.io,,15/01/2026,,a. providing custody and administration of crypto-assets on behalf of clients | c. exchange of crypto-assets for funds | d. exchange of crypto-assets for other crypto-assets | e. execution of orders for crypto-assets on behalf of clients | g. reception and transmission of orders for crypto-assets on behalf of clients | i. providing portfolio management on crypto-assets |j. providing transfer services for crypto-assets on behalf of clients,AT|BE|BG|CY|CZ|DE|EE|ES|FI|FR|GR|HR|HU|IE|IS|IT|LI|LT|LU|LV|MT|NL|NO|PL|PT|RO|SE|SI|SK,,04/03/2026
Finanstilsynet,DK,Lunar Block A/S,984500DD714F66B77454,DK,Lunar Block,"Hack Kampmanns Plads 10, 8000 Aarhus C",https://www.lunar.app/dk/privat/krypto,,15/09/2025,,a. providing custody and administration of crypto-assets on behalf of clients | e. execution of orders for crypto-assets on behalf of clients, NO|SE,,04/03/2026
Finanstilsynet,DK,GC Exchange A/S,254900TM3KOYH0SY8V19,DK,GCEX|GC Exchange,"Amager Strandvej 390, 2770 Kastrup",https://gc.exchange/,,12/12/2025,,c. exchange of crypto-assets for funds|d. exchange of crypto-assets for other crypto-assets|e. execution of orders for crypto-assets on behalf of clients|j. providing transfer services for crypto-assets on behalf of clients,,,04/03/2026
Comisión Nacional del Mercado de Valores (CNMV),ES,OPEN BANK S.A.,9.60E+19,ES,OPENBANK,Plaza de Santa Barbara 2 28004 Madrid.,www.openbank.es,,24/07/2025,,a. providing custody and administration of crypto-assets on behalf of clients | e. execution of orders for crypto-assets on behalf of clients,DE | ES,,
Comisión Nacional del Mercado de Valores (CNMV),ES,Banco Bilbao Vizcaya Argentaria S.A.,K8MS7FD7N5Z2WQ51AZ71,ES,BBVA,Plaza San Nicolas 4. 48005 Bilbao (Vizcaya).,www.bbva.es,,05/03/2025,,a. providing custody and administration of crypto-assets on behalf of clients | e. execution of orders for crypto-assets on behalf of clients | j. providing transfer services for crypto-assets on behalf of clients,ES,,
Comisión Nacional del Mercado de Valores (CNMV),ES,CECABANK S.A.,549300CQ9NLEHMRCU505,ES,CECABANK,C/Alcala 27 28014 Madrid.,www.cecabank.es,,24/07/2025,,a. providing custody and administration of crypto-assets on behalf of clients | g. reception and transmission of orders for crypto-assets on behalf of clients | j. providing transfer services for crypto-assets on behalf of clients,ES,,
Comisión Nacional del Mercado de Valores (CNMV),ES,Bitcoinforme S.L.,9598007R5LSUJLGLS853,ES,Bit2Me,Calle German Bernacer 69. 03203 Alicante.,bit2me.com,,31/10/2025,,a. providing custody and administration of crypto-assets on behalf of clients. | c. exchange of crypto-assets for funds | d. exchange of crypto-assets for other crypto-assets |  e. execution of orders for crypto-assets on behalf of clients. | f. placing of crypto-assets | g. reception and transmission of orders for crypto-assets on behalf of clients. | j. providing transfer services for crypto-assets on behalf of clients.,ES|AT|BE|BG|HR|CY|CZ|DK|EE|FI|FR|DE|GR|HU|IS|IE|IT|LV|LI|LT|LU|MT|NL|NO|PL|PT|RO|SK|SI|SE,,
Comisión Nacional del Mercado de Valores (CNMV),ES,RENTA 4 BANCO S.A.,213800IMKAUV5KW28586,ES,RENTA 4,Paseo de la Habana 74. 28036 Madrid.,www.r4.com,,21/11/2025,,a. providing custody and administration of crypto-assets on behalf of clients. | g. reception and transmission of orders for crypto-assets on behalf of clients. | j. providing transfer services for crypto-assets on behalf of clients.,ES,,
Finanssivalvonta (FIN-FSA),FI,Coinmotion Oy,743700PZG5RRF7SA4Q58,,Coinmotion,Kauppakatu 39 40100 Jyväskylä Finland,https://coinmotion.com,,02/07/2025,,a. providing custody and administration of crypto-assets on behalf of clients | c. exchange of crypto-assets for funds | e. execution of orders for crypto-assets on behalf of clients | j. providing transfer services for crypto-assets on behalf of clients,FI | SE,Updated list of Member States where CASP intends to provide services,16/07/2025
Finanssivalvonta (FIN-FSA),FI,Tesseract Investment Oy,743700GULNWPBLJ7A022,,Tesseract,"Fredrikinkatu 47, 00100 Helsinki",https://tesseract.fi,,12/09/2025,,a. providing custody and administration of crypto-assets on behalf of clients | g. reception and transmission of orders for crypto-assets on behalf of clients | h. providing advice on crypto-assets | i. providing portfolio management on crypto-assets | j. providing transfer services for crypto-assets on behalf of clients,AT | BE | BG | CY | CZ | DE | DK | EE | ES | FI | FR | GR | HR | HU | IE | IS | IT | LI | LT | LU | LV | MT | NL | NO | PL | PT | RO | SE | SI | SK,,20/10/2025
Finanssivalvonta (FIN-FSA),FI,Bittimaatti Oy,7437009FHK501IOCWZ66,,Bittimaatti,"Ketjutie 3, 04220 Kerava",https://bittimaatti.fi,,12/09/2025,,c. exchange of crypto-assets for funds,,,17/09/2025
Finanssivalvonta (FIN-FSA),FI,NorthCrypto Oy,743700CHRVVP342JOA67,,NorthCrypto,"Kristiinankatu 1 B 25, 20100 Turku",https://www.northcrypto.com/,,25/11/2025,,a. providing custody and administration of crypto-assets on behalf of clients | j. providing transfer services for crypto-assets on behalf of clients,,,25/11/2025
Finanssivalvonta (FIN-FSA),FI,Kvarn Capital Oy,9845009F15A5B9FD7F45,,Kvarn X,"Eteläesplanadi 24 A 14, 00130 Helsinki",https://www.kvarnx.com/,,02/12/2025,,a. providing custody and administration of crypto-assets on behalf of clients | e. execution of orders for crypto-assets on behalf of clients | g. reception and transmission of orders for crypto-assets on behalf of clients | j. providing transfer services for crypto-assets on behalf of clients,,,02/12/2025
Autorité des Marchés Financiers (AMF),FR,CACEIS BANK,96950023SCR9X9F3L662,FR,CACEIS BANK,89-91 rue Gabriel Péri - 92120 Montrouge,http://www.caceis.com,http://www.caceis.com,23/06/2025,,a. providing custody and administration of crypto-assets on behalf of clients | g. reception and transmission of orders for crypto-assets on behalf of clients | j. providing transfer services for crypto-assets on behalf of clients,BE | DE | ES | IE | IT | LU | NL,,23/06/2025
Autorité des Marchés Financiers (AMF),FR,COINSHARES ASSET MANAGEMENT,969500DBF3ZL9U0KUA51,FR,COINSHARES ASSET MANAGEMENT,17 rue de la Banque - 75002 PARIS,https://coinshares.com/,,17/07/2025,,h. providing advice on crypto-assets | i. providing portfolio management on crypto-assets,CY | DE | IE | LT | LU | MT | NL,,17/07/2025
Autorité des Marchés Financiers (AMF),FR,BITSTACK DIGITAL ASSETS SAS,894500RKZ3TVTPIF7V84,FR,BITSTACK,Pépinière Michel Caucik - 100 Impasse des Houillères - Le Pontet - 13590 Meyreuil,https://bitstack-app.com/,https://bitstack-app.com/,30/06/2025,,a. providing custody and administration of crypto-assets on behalf of clients | c. exchange of crypto-assets for funds | d. exchange of crypto-assets for other crypto-assets | e. execution of orders for crypto-assets on behalf of clients | j. providing transfer services for crypto-assets on behalf of clients,AT | BE | BG | CY | CZ | DE | DK | EE | ES | FI | GR | HR | HU | IE | IT | LT | LU | LV | MT | NL | PL | PT | RO | SE | SI | SK,,30/06/2025
Autorité des Marchés Financiers (AMF),FR,METAL GEAR SAS,969500PQYLQG3CSJ5041,FR,MEATAL GEAR,64 rue des Archives - 75003 Paris,https://metalgear.xyz/,https://metalgear.xyz/,04/07/2025,,a. providing custody and administration of crypto-assets on behalf of clients | c. exchange of crypto-assets for funds | e. execution of orders for crypto-assets on behalf of clients | j. providing transfer services for crypto-assets on behalf of clients,AT | BE | BG | CY | CZ | DE | DK | EE | ES | FI | GR | HR | HU | IE | IT | LT | LU | LV | MT | NL | PL | PT | RO | SE | SI | SK,,04/07/2025
Autorité des Marchés Financiers (AMF),FR,DEBLOCK SAS,254900XTUI35BGIBXP21,FR,DEBLOCK,1 cours du Havre - 75008 Paris,https://deblock.com/,https://deblock.com/,23/05/2025,,c. exchange of crypto-assets for funds | d. exchange of crypto-assets for other crypto-assets | e. execution of orders for crypto-assets on behalf of clients,AT | BE | BG | CY | CZ | DE | DK | EE | ES | FI | GR | HR | HU | IE | IS | IT | LI | LT | LU | LV | MT | NL | NO | PL | PT | RO | SE | SI | SK,,23/05/2025
Autorité des Marchés Financiers (AMF),FR,GOin SAS,894500LM6DICD790FQ34,FR,GOIN,29 rue Marbeuf - 75008 Paris,https://goin-invest.com,https://goin-invest.com,19/06/2025,,a. providing custody and administration of crypto-assets on behalf of clients | c. exchange of crypto-assets for funds | d. exchange of crypto-assets for other crypto-assets | e. execution of orders for crypto-assets on behalf of clients | h. providing advice on crypto-assets | i. providing portfolio management on crypto-assets | j. providing transfer services for crypto-assets on behalf of clients,AT | BE | BG | CY | CZ | DE | DK | EE | ES | FI | GR | HR | HU | IE | IT | LT | LU | LV | MT | NL | PL | PT | RO | SE | SI | SK,,19/06/2025
Autorité des Marchés Financiers (AMF),FR,FINCTEK UE SAS,969500PTJJZTCE0I3B60,FR,FINCTEK,24 rue d'Aumale - 75009 Paris,https://finctek.com,https://finctek.com,11/09/2025,,a. providing custody and administration of crypto-assets on behalf of clients | c. exchange of crypto-assets for funds | d. exchange of crypto-assets for other | e. execution of orders for crypto-assets on behalf of clients | f. placing of crypto-assets | j. providing transfer services for crypto-assets on behalf of clients,BE | DE | ES | IT | LU | NL | PT ,,11/09/2025
Autorité des Marchés Financiers (AMF),FR,RELAI EU SASU,9695003EKRFOMYXJQL11,FR,RELAI,61 rue de Lyon, 75012 Paris,https://relai.app/,23/10/2025,,c. exchange of crypto-assets for funds ,AT | BE | BG | CY | CZ | DE | DK | EE | EL | ES | FI | HR | HU | IE | IT  | LT | LU | LV | MT | NL | PL | PT | RO | SE | SI | SK,,24/10/2025
Autorité des Marchés Financiers (AMF),FR,SOCIETE GENERALE - FORGE,969500FX8K40ZDW4F377,FR,SOCIETE GENERALE - FORGE,17 COURS VALMY, 92800 PUTEAUX,https://www.sgforge.com/,23/10/2025,,a. providing custody and administration of crypto-assets on behalf of clients | j. providing transfer services for crypto-assets on behalf of clients,AT | BE | BG | CY | CZ | DE | DK | EE | EL | ES | FI | HR | HU | IE | IS | IT | LI | LT | LU | LV | MT | NL |NO | PL | PT | RO | SE | SI | SK,,24/10/2025
Autorité des Marchés Financiers (AMF),FR,BANQUE DELUBAC ET CIE,969500A4IPKVUBH3CA90,FR,BANQUE DELUBAC,16 PLACE SALEON-TERRAS, 07160 LE CHEYLARD,https://www.delubac.com/,23/10/2025,,a. providing custody and administration of crypto-assets on behalf of clients | c. exchange of crypto-assets for funds | d. exchange of crypto-assets for other | | e. execution of orders for crypto-assets on behalf of clients | h. providing advice on crypto-assets | i. providing portfolio management on crypto-assets | j. providing transfer services for crypto-assets on behalf of clients,AT | BE | BG | CY | CZ | DE | DK | EE | EL | ES | FI | HR | HU | IE | IS | IT | LI | LT | LU | LV | MT | NL |NO | PL | PT | RO | SE | SI | SK,,24/10/2025
Autorité des Marchés Financiers (AMF),FR,COMETH SAS,894500R5KSX3ZKIHSA46,FR,COMETH,61-63 RUE DES BELLES FEUILLES - 75016 PARIS,https://cometh.io/,https://cometh.io/,04/12/2025,,a. providing custody and administration of crypto-assets on behalf of clients | d. exchange of crypto-assets for other crypto-assets | j. providing transfer services for crypto-assets on behalf of clients,AT | BE | BG | CY | DE | EE | EL | ES | FI | HR | IE | IT | LT | LU | LV | MT | NL | PT | SI | SK,,04/12/2025
Autorité des Marchés Financiers (AMF),FR,FIPTO PI SAS,969500A0DYUNF5NX9R84,FR,FIPTO,65 RUE DE LA CROIX 92000 - NANTERRE,https://www.fipto.com/,https://www.fipto.com/,23/01/2026,,a. providing custody and administration of crypto-assets on behalf of clients | c. exchange of crypto-assets for funds | d. exchange of crypto-assets for other | | e. execution of orders for crypto-assets on behalf of clients | j. providing transfer services for crypto-assets on behalf of clients,AT | BE | BG | CY | CZ | DE | DK | EE | ES | FI | GR | HR | HU | IE | IS | IT | LI | LT | LU | LV | MT | NL | NO | PL | PT | RO | SE | SI | SK,,23/01/2026
Autorité des Marchés Financiers (AMF),,HEXARQ SAS,969500TD4VXAOPXPVW02,FR,HEXARQ,7 promenade Germaine Sablon - 75013 Paris,https://www.hexarq.com/,https://www.hexarq.com/,05/02/2026,,a. providing custody and administration of crypto-assets on behalf of clients | c. exchange of crypto-assets for funds | d. exchange of crypto-assets for other | | e. execution of orders for crypto-assets on behalf of clients | j. providing transfer services for crypto-assets on behalf of clients,BE | PT |,,05/02/2026
Central Bank of Ireland (CBI),IE,Payward Global Solutions Limited,9845003D98SCC2851458,IE,"Kraken, Kraken Digital Asset Exchange","70 Sir John Rogerson's Quay, Dublin 2, Dublin, Ireland D02 R296",https://www.kraken.com/,,25/06/2025,,b. operation of a trading platform for crypto-assets,CY | IE,,25/06/2025
Central Bank of Ireland (CBI),IE,Payward Europe Solutions Limited,254900641D8KNHUZYX24,IE,Kraken Digital Asset Exchange (�Kraken�),"70 Sir John Rogerson's Quay, Dublin 2, Dublin, Ireland D02 R296",https://www.kraken.com/,,25/06/2025,,a. providing custody and administration of crypto-assets on behalf of clients | c. exchange of crypto-assets for funds | d. exchange of crypto-assets for other crypto-assets | e. execution of orders for crypto-assets on behalf of clients | f. placing of crypto-assets | g. reception and transmission of orders for crypto-assets on behalf of clients | i. providing portfolio management on crypto-assets | j. providing transfer services for crypto-assets on behalf of clients,AT | BE | BG | CY | CZ | DE | DK | EE | ES | FI | FR | GR | HR | HU | IE | IS | IT | LI | LT | LU | LV | MT | NL | NO | PL | PT | RO | SE | SI | SK,,25/06/2025
Central Bank of Ireland (CBI),IE,Legend Financial Ireland Limited,9845007FA1A8E1DE3989,IE,Legend Trading,"Block 1, Blanchardstown Corporate Park, Ballycoolin Road, Dublin 15, Ireland",www.legendtrading.com,,10/10/2025,,c. exchange of crypto-assets for funds | d. exchange of crypto-assets for other crypto-asset,AT | BE | BG | CY | CZ | DE | DK | EE | ES | FI | FR | GR | HR | HU | IE | IS | IT | LI | LT | LU | LV | MT | NL | NO | PL | PT | RO | SE | SI | SK,,10/10/2025
Central Bank of Ireland (CBI),IE,Push Virtual Assets Ireland Limited,635400NEDOJDEJEQZQ77,IE,Push  / Aave Push,": 29-30 Fitzwilliam Square, Dublin 2, D02 RF20",push.co,,12/11/2025,,c. exchange of crypto-assets for funds |d. exchange of crypto-assets for other crypto-asset,AT | BE | CY | CZ | DE | DK | EE | ES | FI | FR | GR | HR | HU | IE | IS | IT | LI | LT | LU | LV | MT | NL | NO | PL | PT | RO | SE | SI | SK,,12/11/2025
Central Bank of Ireland (CBI),IE,Ramp Swaps (Ireland) Limited,89450036UW3ID72T1M84.,IE,Ramp Network,"6th Floor, 2 Grand Canal Square, Dublin 2, D02 A342, Ireland.",rampnetwork.com,,02/12/2025,,c. exchange of crypto-assets for funds,AT | BE | BG | CY | CZ | DE | DK | EE | ES | FI | FR | GR | HR | HU | IE | IS | IT | LI | LT | LU | LV | MT | NL | NO | PL | PT | RO | SE | SI | SK,,02/12/2025
Central Bank of Ireland (CBI),IE,Paysafe Payment Solutions Limited.,213800QBQVHWRBHJTA89,IE,"Skrill, NETELLER","15 George’s Quay, Dublin D02 VR98","www.skrill.com
www.neteller.com",,03/12/2025,,a. providing custody and administration of crypto-assets on behalf of clients | c. exchange of crypto-assets for funds | d. exchange of crypto-assets for other crypto-assets | j. providing transfer services for crypto-assets on behalf of clients,AT | BE | BG | CY | CZ | DE | DK | EE | ES | FI | FR | GR | HR | HU | IE | IS | IT | LI | LT | LU | LV | MT | NL | NO | PL | PT | RO | SE | SI | SK,,03/12/2025
Central Bank of Ireland (CBI),IE,CoinJar Europe Limited,98450066Q3A1G1A4T786,IE,CoinJar,"6 Mount Street Upper, Dublin 2, Dublin, Ireland",https://www.coinjar.com,,09/12/2025,,a. providing custody and administration of crypto-assets on behalf of clients | c. exchange of crypto-assets for funds | d. exchange of crypto-assets for other crypto-assets |j. providing transfer services for crypto-assets on behalf of clients ,AT | BE | BG | CY | CZ | DE | DK | EE | ES | FI | FR | GR | HR | HU | IE | IS | IT | LI | LT | LU | LV | MT | NL | NO | PL | PT | RO | SE | SI | SK,,09/12/2025
Central Bank of Ireland (CBI),IE,Confirmo Limited,984500F75CJ82D8B7D76,IE,Confirmo Limited,"33 Sir John Rogerson's Quay, Dublin 2, Ireland, D02 XK09",confirmo.eu,,16/12/2025,,c. exchange of crypto-assets for funds | d. exchange of crypto-assets for other crypto-assets | j. providing transfer services for crypto-assets on behalf of clients,AT | BE | BG | CY | CZ | DE | DK | EE | ES | FI | FR | GR | HR | HU | IE | IS | IT | LI | LT | LU | LV | MT | NL | NO | PL | PT | RO | SE | SI | SK,,16/12/2025
Central Bank of Ireland (CBI),IE,Pionew Ireland Limited,984500FD0NZ8949F4363,IE,Webot,Office 1C North Valley Business Park Old Mallow Road Cork T23 WN15 IRELAND,www.webot.com/eu,,18/12/2025,,a.providing custody and administration of crypto-assets on behalf of clients | b. operation of a trading platform for crypto-assets | c. exchange of crypto-assets for funds | j. providing transfer services for crypto-assets on behalf of clients,DE | FR |LT | IE,,18/12/2025
Central Bank of Ireland (CBI),IE,StoneX Digital International Limited,98450043FB90T6REA408,IE,StoneX,"3rd Floor, Portview House,Thorncastle Street,Dublin 4, ",www.stonex.com,,19/12/2025,,a. providing custody and administration of crypto-assets on behalf of clients | c. exchange of crypto-assets for funds | d. exchange of crypto-assets for other crypto-assets | e. execution of orders for crypto-assets on behalf of clients |  g. reception and transmission of orders for crypto-assets on behalf of clients | j. providing transfer services for crypto-assets on behalf of clients,AT | BE | BG | CY | CZ | DE | DK | EE | ES | FI | FR | GR | HR | HU | IE | IS | IT | LI | LT | LU | LV | MT | NL | NO | PL | PT | RO | SE | SI | SK,,19/12/2025
Central Bank of Ireland (CBI),IE,Interactive Brokers Ireland Limited,5493001B9LDFCQUY9273,IE,Interactive Brokers Ireland Limited,"Floors 6 & 7, 91/92 N Wall Quay, North Wall, Dublin, D01 H7V7",https://www.interactivebrokers.ie,,22/01/2026,,g. reception and transmission of orders for crypto-assets on behalf of clients,AT | BE | BG | CY | CZ | DE | DK | EE | ES | FI | FR | GR | HR | HU | IE | IS | IT | LI | LT | LU | LV | MT | NL | NO | PL | PT | RO | SE | SI | SK,,22/01/2026
Finanzmarktaufsicht (FMA),LI,ZEUS Anstalt für Vermögensverwaltung,529900QH6TWSXWH0XM44,LI,ZEUS Anstalt für Vermögensverwaltung,Industriestrasse 2 - 9487 Gamprin-Bendern,https://www.zeus-management.li/en,,01/12/2025,,i. providing portfolio management on crypto-assets,LI,,02/12/2025
Finanzmarktaufsicht (FMA),LI,LGT Bank AG,7KDSOB6Z0X4S67TMX170,LI,LGT Bank AG ,Herrengasse 12 - Postfach 85 - 9490 Vaduz,https://www.lgt.com/li-en ,,19/12/2025,,a. providing custody and administration of crypto-assets on behalf of clients | e. execution of orders for crypto-assets on behalf of clients | g. reception and transmission of orders for crypto-assets on behalf of clients | j. providing transfer services for crypto-assets on behalf of clients,AT | BE | DE | DK | ES | FI | FR | IE | IT | LI | LU | NL | NO | SE,,27/01/2026
Finanzmarktaufsicht (FMA),LI,Bank Frick AG,529900RQOBT3ZJMDRK43,LI,Bank Frick AG,Landstrasse 14 - 9496 Balzers,https://www.bankfrick.li/en ,,23/12/2025,,a. providing custody and administration of crypto-assets on behalf of clients | e. execution of orders for crypto-assets on behalf of clients | j. providing transfer services for crypto-assets on behalf of clients,AT | BE | BG | CY | CZ | DE | DK | EE | ES | FI | FR | GR | HR | HU | IE | IT | LI | LT | LU | LV | MT | NL | PL | PT | RO | SE | SI | SK,,24/02/2026
Bank of Lithuania (LSC),LT,Robinhood Europe UAB,254900GTP4UXQO1UMI36,LT,Robinhood,"Konstitucijos st. 21A, 08130, Vilnius, Lithuania",https://www.robinhood.com,,29/05/2025,,a. providing custody and administration of crypto-assets on behalf of clients | e. execution of orders for crypto-assets on behalf of clients | g. reception and transmission of orders for crypto-assets on behalf of clients | j. providing transfer services for crypto-assets on behalf of clients,AT | BE | BG | CY | CZ | DE | DK | EE | ES | FI | FR | GR | HR | HU | IE | IS | IT | LI | LU | LV | MT | NL | NO | PL | PT | RO | SE | SI | SK,,16/06/2025
Bank of Lithuania (LSC),LT,UAB Decentralized,6488907MV9XAA08E4E40,LT,Coingate,"Lvivo g. 37, Vilnius, 09307, Lithuania",https://coingate.com,,16/12/2025,,a. providing custody and administration of crypto-assets on behalf of clients | c. exchange of crypto-assets for funds | d. exchange of crypto-assets for other crypto-assets | j. providing transfer services for crypto-assets on behalf of clients,AT | BE | BG | CY | CZ | DE | DK | EE | ES | FI | FR | GR | HR | HU | IE | IS | IT | LI | LU | LV | MT | NL | NO | PL | PT | RO | SE | SI | SK,,02/03/2026
Bank of Lithuania (LSC),LT,Nuvei Liquidity UAB,894500IY99QLL9M0SR28,LT,Simplex,"Lvivo g. 37, Vilnius, 09307, Lithuania",https://simplex.com,,16/12/2025,,a. providing custody and administration of crypto-assets on behalf of clients | c. exchange of crypto-assets for funds | d. exchange of crypto-assets for other crypto-assets | j. providing transfer services for crypto-assets on behalf of clients,AT | BE | BG | CY | CZ | DE | DK | EE | ES | FI | FR | GR | HR | HU | IE | IS | IT | LI | LU | LV | MT | NL | NO | PL | PT | RO | SE | SI | SK,,02/03/2026
Bank of Lithuania (LSC),LT,UAB Micar assets,894500R6HJP62BZX4M89,LT,Myriad Capital,"J. Savickio g. 4-7, Vilnius, 01108, Lithuania", https://myriadcapital.lt,,26/02/2026,,a. providing custody and administration of crypto-assets on behalf of clients | c. exchange of crypto-assets for funds | d. exchange of crypto-assets for other crypto-assets | e. execution of orders for crypto-assets on behalf of clients | g. reception and transmission of orders for crypto-assets on behalf of clients | j. providing transfer services for crypto-assets on behalf of clients,,,
Commission de Surveillance du Secteur Financier (CSSF),LU,Clearstream Banking S.A.,549300OL514RA0SXJJ44,LU,Clearstream,"42, Avenue J.F. Kennedy, L-1855 Luxembourg, Luxembourg",https://www.clearstream.com/clearstream-en/,,07/02/2025,,a. providing custody and administration of crypto-assets on behalf of clients,AT|BE|BG|HR|CY|CZ|DK|EE|FI|FR|DE|GR|HU|IE|IT|LV|LT|LU|MT|NL|PL|PT|RO|SK|SI|ES|SE|IS|LI|NO,Clearstream Banking S.A. has notified the CSSF on 07/02/2025 of its intention to provide custody and administration of crypto-assets on behalf of clients.,06/06/2025
Commission de Surveillance du Secteur Financier (CSSF),LU,Bitstamp Europe S.A.,549300XIBGTJ0PLIEO72,LU,Bitstamp,"40, Avenue Monterey, L-2163 Luxembourg, Luxembourg",https://www.bitstamp.net/,,15/05/2025,,a. providing custody and administration of crypto-assets on behalf of clients | b. operation of a trading platform for crypto-assets | c. exchange of crypto-assets for funds | d. exchange of crypto-assets for other crypto-assets | e. execution of orders for crypto-assets on behalf of clients | g. reception and transmission of orders for crypto-assets on behalf of clients | j. providing transfer services for crypto-assets on behalf of clients,AT|BE|BG|HR|CY|CZ|DK|EE|FI|FR|DE|GR|HU|IS|IE|IT|LV|LI|LT|LU|MT|NL|NO|PL|PT|RO|SK|SI|ES|SE,,16/05/2025
Commission de Surveillance du Secteur Financier (CSSF),LU,Coinbase Luxembourg S.A.,984500F14CA4571AAC11,LU,Coinbase,"5, Place de la Gare, L-1616 Luxembourg",https.//coinbase.com,,20/06/2025,,a. providing custody and administration of crypto-assets on behalf of clients | c. exchange of crypto-assets for funds | d. exchange of crypto-assets for other crypto-assets | e. execution of orders for crypto-assets on behalf of clients |  f. placing of crypto-assets | g. reception and transmission of orders for crypto-assets on behalf of clients | j. providing transfer services for crypto-assets on behalf of clients,AT|BE|BG|HR|CY|CZ|DK|EE|FI|FR|DE|GR|HU|IS|IE|IT|LV|LI|LT|LU|MT|NL|NO|PL|PT|RO|SK|SI|ES|SE,,22/01/2026
Commission de Surveillance du Secteur Financier (CSSF),LU,Zodia Custody (Europe) S.A.,213800K35A9YPYDQKB81,LU,Zodia,"2, Place de Paris, L-2314 Luxembourg",https://zodia-custody.com/,,12/12/2025,,a. providing custody and administration of crypto-assets on behalf of clients | j. providing transfer services for crypto-assets on behalf of clients,AT|BE|BG|HR|CY|CZ|DK|EE|FI|FR|DE|GR|HU|IS|IE|IT|LV|LI|LT|LU|MT|NL|NO|PL|PT|RO|SK|SI|ES|SE,,12/12/2025
Latvijas Banka,LV,BlockBen SIA,254900BBV7FA7LUG5913,LV,BlockBen,"Krišjāņa Valdemāra iela 21 - 11, Rīga, LV-1010",https://blockben.com/en/,,03/12/2025,,a. providing custody and administration of crypto-assets on behalf of clients | c. exchange of crypto-assets for funds | d. exchange of crypto-assets for other crypto-assets | f. placing of crypto-assets | j. providing transfer services for crypto-assets on behalf of clients,AT|BE|BG|CY|CZ|DE|DK|EE|EL|ES|FI|FR|HR|HU|IE|IS|IT|LI|LT|LU|LV|MT|NL|NO|PL|PT|RO|SE|SI|SK,,04/12/2025
Latvijas Banka,LV,Nexdesk SIA,894500ISUYBQF9I7BE66,LV,Nexdesk,"Mihaila Tāla iela 1, Rīga, LV-1045",https://nexdesk.io/,,10/12/2025,,a. providing custody and administration of crypto-assets on behalf of clients | e. execution of orders for crypto-assets on behalf of clients | j. providing transfer services for crypto-assets on behalf of clients,AT|BE|BG|CY|CZ|DE|DK|EE|EL|ES|FI|FR|HR|HU|IE|IS|IT|LI|LT|LU|LV|MT|NL|NO|PL|PT|RO|SE|SI|SK,,11/12/2025
Malta Financial Services Authority (MFSA),MT,OKX Europe Limited,54930069NLWEIGLHXU42,MT,OKX,"Piazzetta Business Plaza, Office Number 4, Floor 2,Triq Ghar il-Lembi,Sliema, SLM 1562,Malta",www.okx.com,www.okx.com,27/01/2025,,"a.	providing custody and administration of crypto-assets on behalf of clients |b. operation of a trading platform for crypto-assets | c. exchange of crypto-assets for funds | d. exchange of crypto-assets for other crypto-assets |e.	execution of orders for crypto-assets on behalf of clients |f.	placing of crypto-assets |g. reception and transmission of orders for crypto-assets on behalf of clients | i.	providing portfolio management on crypto-assets | j. providing transfer services for crypto-assets on behalf of clients.",AT|BE|BG|CY|CZ|DE|DK|EE|EL|ES|FI|FR|HR|HU|IE|IS|IT|LI|LT|LU|LV|NL|NO|PL|PT|RO|SE|SI|SK,,28/11/2025
Malta Financial Services Authority (MFSA),MT,BP23 CA Limited,984500DEID7B03J77118,MT,Bitpanda,"66, Apt 5, Old Theatre Street, Valletta, Malta",www.bitpanda.com,n/a,27/01/2025,,"a.	providing custody and administration of crypto-assets on behalf of clients |  c.	exchange of crypto-assets for funds |d.	exchange of crypto-assets for other crypto-assets |e.	execution of orders for crypto-assets on behalf of clients | g.	reception and transmission of orders for crypto-assets on behalf of clients | j.	providing transfer services for crypto-assets on behalf of clients.",,,05/06/2025
Malta Financial Services Authority (MFSA),MT,Foris DAX MT Limited,2549005CVR5HH70FDO07,MT,Crypto.com,"Level 7, Spinola Park, Triq Mikiel Ang Borg, St Julians, Malta",crypto.com,n/a,27/01/2025,,"a.	providing custody and administration of crypto-assets on behalf of clients | c.	exchange of crypto-assets for funds | d.	exchange of crypto-assets for other crypto-assets | e.	execution of orders for crypto-assets on behalf of clients | g.	reception and transmission of orders for crypto-assets on behalf of clients | j.	providing transfer services for crypto-assets on behalf of clients.",AT|BE|BG|CY|CZ|DE|DK|EE|EL|ES|FI|FR|HR|HU|IE|IS|IT|LI|LT|LU|LV|NL|NO|PL|PT|RO|SE|SI|SK,,06/02/2025
Malta Financial Services Authority (MFSA),MT,Zillion Bits Limited,254900FESD7AF56FOQ37,MT,ZBX,"Level 1/I, Centris Business Gateway, Triq Is-Salib tal-Imriehel, Central Business District, Birkirkara, CBD3020, Malta",www.zbx.com,www.zbx.com,06/02/2025,,"a.	providing custody and administration of crypto-assets on behalf of clients | b.	operation of a trading platform for crypto-assets | c.	exchange of crypto-assets for funds | d.	exchange of crypto-assets for other crypto-assets | e.	execution of orders for crypto-assets on behalf of clients | f.	placing of crypto-assets | g.	reception and transmission of orders for crypto-assets on behalf of clients | j.	providing transfer services for crypto-assets on behalf of clients.",AT|BE|BG|CY|CZ|DE|DK|EE|EL|ES|FI|FR|HR|HU|IE|IS|IT|LI|LT|LU|LV|NL|NO|PL|PT|RO|SE|SI|SK,,28/03/2025
Malta Financial Services Authority (MFSA),MT,Altarius Asset Management Limited,5299000X84JRI8MS7D35,MT,Altarius Asset Management Limited,"Quad Central, Q3, Level 9, Office B, Triq L-Esportaturi, Central Business District, Birkirkara, CBD1040, Malta",www.altariusgroup.com ,n/a,24/03/2025,,g. reception and transmission of orders for crypto-assets on behalf of clients | i. providing portfolio management on crypto-assets; ,DE|LU,"Altarius Asset Management Limited has been licensed as an AIF Manager in terms of Directive 2011/61/EU (“the AIFMD”) and the Investment Services Act since 21 June 2005, and is currently authorised to provide Management of Alternative Investment Funds (Core), Individual Portfolio Management (Non-Core), and Reception and Transmission of Orders (Non-Core) in relation to all financial instruments listed under Section C of Annex 1 of Directive 2014/65/EU (“MiFID II”).No passporting notifications in terms of MiCA have been submitted by Altarius Asset Management Limited to date. DE and LU are the intended countries as notified in terms of Article 60 of MiCA Regulation.",24/03/2025
Malta Financial Services Authority (MFSA),MT,Gemini Intergalactic EU Ltd,2138002QAMX8PPKSO715,MT,Gemini,"Gemini Intergalactic EU Limited, 171 Triq il-Fran, Valletta, VLT1455, Malta",www.gemini.com,n/a,21/08/2025,,"a.	providing custody and administration of crypto-assets on behalf of clients | c. exchange of crypto-assets for funds | d. exchange of crypto-assets for other crypto-assets |e.	execution of orders for crypto-assets on behalf of clients |f.	placing of crypto-assets |g. reception and transmission of orders for crypto-assets on behalf of clients | j. providing transfer services for crypto-assets on behalf of clients.",AT|BE|BG|CY|CZ|DE|DK|EE|EL|ES|FI|FR|HR|HU|IE|IS|IT|LI|LT|LU|LV|NL|NO|PL|PT|RO|SE|SI|SK,,21/08/2025
Malta Financial Services Authority (MFSA),MT,Socios Europe Services Limited,984500EBA2E9980CDD80,MT,Socios.com,"14 East, Level 7, Triq Tas-Sliema, Gzira, GZR1639, Malta",www.socios.com,,10/09/2025,,"a.	providing custody and administration of crypto-assets on behalf of clients | c. exchange of crypto-assets for funds | d. exchange of crypto-assets for other crypto-assets |f.	placing of crypto-assets | j. providing transfer services for crypto-assets on behalf of clients.",AT|BE|BG|CY|CZ|DE|DK|EE|EL|ES|FI|HR|HU|IE|IS|IT|LI|LT|LU|LV|NL|NO|PL|PT|RO|SE|SI|SK,,11/09/2025
Malta Financial Services Authority (MFSA),MT,Gate Technology Limited,984500D6A0F945BB5A15,MT,Gate,"The Core, Triq il-Wied ta’ l-Imsida, Msida, MSD9021, Malta",www.gate.com/en-eu,https://www.gate.com/en-eu,29/09/2025,,"a.	providing custody and administration of crypto-assets on behalf of clients |b. operation of a trading platform for crypto-assets | c. exchange of crypto-assets for funds | d. exchange of crypto-assets for other crypto-assets |e.	execution of orders for crypto-assets on behalf of clients | j. providing transfer services for crypto-assets on behalf of clients.",AT|BE|BG|CY|CZ|DE|DK|EE|EL|ES|FI|FR|HR|HU|IE|IS|IT|LI|LT|LU|LV|NL|NO|PL|PT|RO|SE|SI|SK,,21/10/2025
Malta Financial Services Authority (MFSA),MT,Blue Cube (Malta) Limited ,254900GDCT8070R2VV26,MT,Blockchain.com,"171, Old Bakery Street, Valletta, VLT 1455, Malta",www.blockchain.com,,22/10/2025,,"a.	providing custody and administration of crypto-assets on behalf of clients | c. exchange of crypto-assets for funds | d. exchange of crypto-assets for other crypto-assets |e.	execution of orders for crypto-assets on behalf of clients | j. providing transfer services for crypto-assets on behalf of clients.",AT|BE|BG|CY|CZ|DE|DK|EE|EL|ES|FI|FR|HR|HU|IE|IS|IT|LI|LT|LU|LV|NL|NO|PL|PT|RO|SE|SI|SK,,17/11/2025
Malta Financial Services Authority (MFSA),MT,Payhound Limited,9845001DD90AF543DC90,MT,Payhound,"Level 0A, Centris Business Gateway II,Triq is-Salib tal-Imriehel, Zone 3, Central Business District,Birkirkara, CBD 3020,Malta",www.payhound.com,,24/11/2025,,"a.	providing custody and administration of crypto-assets on behalf of clients | c. exchange of crypto-assets for funds | d. exchange of crypto-assets for other crypto-assets |e.	execution of orders for crypto-assets on behalf of clients | j. providing transfer services for crypto-assets on behalf of clients.",AT|BE|BG|CY|CZ|DE|DK|EE|EL|ES|FI|FR|HR|HU|IE|IS|IT|LI|LT|LU|LV|NL|NO|PL|PT|RO|SE|SI|SK,,04/12/2025
Malta Financial Services Authority (MFSA),MT,Damex Digital LTD,9845008E8QA4CCFE5F68,MT,Damex,"MK Business Centre 115,Triq Il- Wied Mt-04 Floor 2  BKR 9022 Malta",www.damex.io,,29/01/2026,,"a.	providing custody and administration of crypto-assets on behalf of clients | c. exchange of crypto-assets for funds | d. exchange of crypto-assets for other crypto-assets |e.	execution of orders for crypto-assets on behalf of clients | j. providing transfer services for crypto-assets on behalf of clients.",MT,,30/01/2026
Malta Financial Services Authority (MFSA),MT,System Pay Services (Malta) Limited,984500640Z8ADE893D04,MT,BVNK,"Ruby Workspaces Office 3 Pendergardens, Triq Sant' Andrija, San Giljan, STJ 9023, Malta",https://bvnk.com/,,13/02/2026,,"a.	providing custody and administration of crypto-assets on behalf of clients |c. exchange of crypto-assets for funds | d. exchange of crypto-assets for other crypto-assets| j. providing transfer services for crypto-assets on behalf of clients.",AT|BE|BG|CY|CZ|DE|DK|EE|EL|ES|FI|FR|HR|HU|IE|IS|IT|LI|LT|LU|LV|NL|NO|PL|PT|RO|SE|SI|SK,,24/02/2026
Netherlands Authority for the Financial Markets (AFM),NL,MoonPay Europe B.V.,254900KXWAZ3B1340G26,NL,MoonPay Europe B.V.,Herengracht 420 - 1017BZ Amsterdam - The Netherlands,https://www.moonpay.com/,,30/12/2024,,c. exchange of crypto-assets for funds | d. exchange of crypto-assets for other crypto-assets | j. providing transfer services for crypto-assets on behalf of clients,NL|AT|BE|BG|HR|CY|CZ|DK|EE|FI|FR|DE|EL|HU|IS|IE|IT|LV|LI|LT|LU|MT|NO|PL|PT|RO|SK|SI|ES|SE,,30/12/2024
Netherlands Authority for the Financial Markets (AFM),NL,BitStaete B.V.,7245009PN18D4I1TKJ50,NL,BitStaete B.V.,Haerstraat 125 - 7573 PA Oldenzaal - The Netherlands,https://bitstaete.nl/ | http://www.bitstaete.com/,,30/12/2024,,i. providing portfolio management on crypto-assets,NL,,30/12/2024
Netherlands Authority for the Financial Markets (AFM),NL,Zebedee Europe B.V.,724500B2I1LR33CAWG54,NL,Zebedee Europe B.V.,Vijzelstraat 68 - 1017HL Amsterdam - The Netherlands,https://zbd.gg/,,30/12/2024,,a. providing custody and administration of crypto-assets on behalf of clients | c. exchange of crypto-assets for funds | j. providing transfer services for crypto-assets on behalf of clients,NL|AT|BE|BG|HR|CY|CZ|DK|EE|FI|FR|DE|EL|HU|IS|IE|IT|LV|LI|LT|LU|MT|NO|PL|PT|RO|SK|SI|ES|SE,,30/12/2024
Netherlands Authority for the Financial Markets (AFM),NL,Hidden Road Partners CIV NL B.V.,549300OOZDNZ3F2XJW21,NL,Hidden Road Partners CIV NL B.V.,Raamplein 1 - Unit 2.10 - 1016 XK Amsterdam - The Netherlands,https://hiddenroad.com/,,30/12/2024,,c. exchange of crypto-assets for funds | d. exchange of crypto-assets for other crypto-assets | e. execution of orders for crypto-assets on behalf of clients,NL|AT|BE|BG|HR|CY|CZ|DK|EE|FI|FR|DE|EL|HU|IS|IE|IT|LV|LI|LT|LU|MT|NO|PL|PT|RO|SK|SI|ES|SE,,30/12/2024
Netherlands Authority for the Financial Markets (AFM),NL,AvianLabs Netherlands B.V.,894500KQLQQYOD1PPX55,NL,AvianLabs Netherlands B.V.,Antonio Vivaldistraat 60 - 1083HP Amsterdam - The Netherlands,https://sling.money/,,02/04/2025,,c. exchange of crypto-assets for funds | d. exchange of crypto-assets for other crypto-assets | j. providing transfer services for crypto-assets on behalf of clients,NL|AT|BE|BG|HR|CY|CZ|DK|EE|FI|FR|DE|EL|HU|IS|IE|IT|LV|LI|LT|LU|MT|NO|PL|PT|RO|SK|SI|ES|SE,,15/04/2024
Netherlands Authority for the Financial Markets (AFM),NL,Vivid Money B.V.,7245009PWS7YLG3JPF78,NL,Vivid Money B.V.,Strawinskylaan 4117 - 1077ZX Amsterdam - The Netherlands,https://vivid.money/,,01/05/2025,,a. providing custody and administration of crypto-assets on behalf of clients | g. reception and transmission of orders for crypto-assets on behalf of clients,NL|AT|BE|BG|HR|CY|CZ|DK|EE|FI|FR|DE|EL|HU|IS|IE|IT|LV|LI|LT|LU|MT|NO|PL|PT|RO|SK|SI|ES|SE,,05/07/2025
Netherlands Authority for the Financial Markets (AFM),NL,One Trading Exchange B.V.,984500AA963ED2BA8460,NL,One Trading Exchange B.V.,Grote Bickersstraat 74 - 1013 KS Amsterdam - The Netherlands,https://www.onetrading.com,,15/05/2025,,a. providing custody and administration of crypto-assets on behalf of clients | b. operation of a trading platform for crypto-assets,NL,,20/05/2025
Netherlands Authority for the Financial Markets (AFM),NL,Acheron Europe B.V.,699400TPXCI7R4A0NG65,NL,Acheron | Acheron Trading,Keizersgracht 555 2nd Floor - 1017 DR Amsterdam - The Netherlands,https://www.acherontrading.com/,,26/05/2025,,a. providing custody and administration of crypto-assets on behalf of clients | e. execution of orders for crypto-assets on behalf of clients | h. providing advice on crypto-assets | i. providing portfolio management on crypto-assets | j. providing transfer services for crypto-assets on behalf of clients,NL|AT|BE|BG|CY|CZ|DE|DK|EE|EL|ES|FI|FR|HR|HU|IE|IT|LT|LU|LV|MT|PL|PT|RO|SE|SI|SK,,26/05/2025
Netherlands Authority for the Financial Markets (AFM),NL,BTC Direct Europe B.V.,724500C4D3LQAKCEZ198,NL,BTC Direct Europe B.V.,Kerkenbos 1025 - 6546 BB Nijmegen - The Netherlands,https://my.btcdirect.eu/,,18/06/2025,,c. exchange of crypto-assets for funds | j. providing transfer services for crypto-assets on behalf of clients,NL|BE|DE|ES|FR|IT|PT,,30/06/2025
Netherlands Authority for the Financial Markets (AFM),NL,Bitvavo B.V.,724500MX2WBKDJP9HE56,NL,Bitvavo B.V.,Keizersgracht 28 - 1016ED Amsterdam - The Netherlands,https://bitvavo.com/nl ,https://bitvavo.com/nl,26/06/2025,,a. providing custody and administration of crypto-assets on behalf of clients | b. operation of a trading platform for crypto-assets | j. providing transfer services for crypto-assets on behalf of clients,NL|AT|BE|BG|HR|CY|CZ|DK|EE|FI|FR|DE|EL|HU|IS|IE|IT|LV|LI|LT|LU|MT|NO|PL|PT|RO|SK|SI|ES|SE,,30/06/2025
Netherlands Authority for the Financial Markets (AFM),NL,Amdax B.V.,724500T7PFN30PF3ZQ87,NL,Amdax B.V.|Amdax Group|Novelist,Gustav Mahlerplein 45 - 1082MS Amsterdam - The Netherlands,https://www.amdax.com/nl | https://www.getnovelist.nl/en ,,26/06/2025,,a. providing custody and administration of crypto-assets on behalf of clients | e. execution of orders for crypto-assets on behalf of clients | i. providing portfolio management on crypto-assets | j. providing transfer services for crypto-assets on behalf of clients,NL,,30/06/2025
Netherlands Authority for the Financial Markets (AFM),NL,Finst B.V.,724500UI8UD7HKGVJX65,NL,Finst B.V.,Herengracht 454 - 1017CA Amsterdam - The Netherlands,https://finst.com/,,24/07/2025,,a. providing custody and administration of crypto-assets on behalf of clients | e. execution of orders for crypto-assets on behalf of clients | g. reception and transmission of orders for crypto-assets on behalf of clients | j. providing transfer services for crypto-assets on behalf of clients,NL|AT|BE|BG|HR|CY|CZ|DK|EE|FI|FR|DE|EL|HU|IS|IE|IT|LV|LI|LT|LU|MT|NO|PL|PT|RO|SK|SI|ES|SE,,24/07/2025
Netherlands Authority for the Financial Markets (AFM),NL,Decubate B.V.,894500ZVOL3A9LO8LN34,NL,Decubate B.V.,Boerhaavelaan 40 - 2713 HX Zoetermeer - The Netherlands,https://www.decubate.com/ | https://platform.decubate.com/,,31/07/2025,,a. providing custody and administration of crypto-assets on behalf of clients | e. execution of orders for crypto-assets on behalf of clients | f. placing of crypto-assets,NL,,04/08/2025
Netherlands Authority for the Financial Markets (AFM),NL,Fiat Republic Netherlands B.V.,724500GVWT7QULV8CR59,NL,Fiat Republic Netherlands B.V.,Strawinskylaan 4117 - room 05-116 - 1077 ZX Amsterdam - The Netherlands,https://fiatrepublic.com/,,05/08/2025,,a. providing custody and administration of crypto-assets on behalf of clients | j. providing transfer services for crypto-assets on behalf of clients,NL|AT|BE|BG|CY|CZ|DE|DK|EE| EL|ES|Fi|FR|HR|HU|IE|IS|IT|LI|LT|LU|LV|MT|NO|PL|PT|RO|SE|SI|SK,,07/08/2025
Netherlands Authority for the Financial Markets (AFM),NL,BLOX B.V.,724500Z8JCXSX3351I94,NL,BLOX B.V.,Kerkenbos 1025 - 6546 BB Nijmegen - The Netherlands,https://weareblox.com/,,30/09/2025,,a. providing custody and administration of crypto-assets on behalf of clients | c. exchange of crypto-assets for funds | j. providing transfer services for crypto-assets on behalf of clients,NL|BE|DE|ES,,01/10/2025
Netherlands Authority for the Financial Markets (AFM),NL,EU Internet Ventures B.V.,69940000HAL9ODW3IMO22,NL,EU Internet Ventures |EUIV|BNXA,Piet Heinkade 93B - 1019 GM Amsterdam - The Netherlands,https://banxa.com,,08/10/2025,,c. exchange of crypto-assets for funds | d. exchange of crypto-assets for other crypto-assets | j. providing transfer services for crypto-assets on behalf of clients,NL|AT|BE|BG|CY|CZ|DE|DK|EE|EL|ES|FI|FR|HR|HU|IE|IT|IS|LI|LT|LU|LV|MT|NO|PL|PT|RO|SE|SI|SK,,14/10/2025
Netherlands Authority for the Financial Markets (AFM),NL,zerohash europe B.V.,724500G7QSOMFR1GQA47,NL,zerohash europe,Herengracht 244 3 - 1016 BT Amsterdam - The Netherlands,,,29/10/2025,,a. providing custody and administration of crypto-assets on behalf of clients | b. operation of a trading platform for crypto-assets | c. exchange of crypto-assets for funds | d. exchange of crypto-assets for other crypto-assets | j. providing transfer services for crypto-assets on behalf of clients,NL|AT|BE|BG|CY|CZ|DE|DK|EE|EL|ES|FI|FR|HR|HU|IE|IT|IS|LI|LT|LU|LV|MT|NO|PL|PT|RO|SE|SI|SK,,10/12/2025
Netherlands Authority for the Financial Markets (AFM),NL,Coinmerce B.V.,724500DMUDFJZNYNEF35,NL,Coinmerce B.V..,Beechavenue 140 - 1119PR Amsterdam - The Netherlands,https://coinmerce.io ,,05/11/2025,,a. providing custody and administration of crypto-assets on behalf of clients | c. exchange of crypto-assets for funds | d. exchange of crypto-assets for other crypto-assets | j. providing transfer services for crypto-assets on behalf of clients,NL|BE|DE|ES|FR|PL,,10/12/2025
Netherlands Authority for the Financial Markets (AFM),NL,Bitmymoney B.V. ,724500H1WRSMD7CAS549,NL,Bitmymoney B.V. ,Wilhelmina van Pruisenweg - 2595AN Den Haag - The Netherlands,https://www.bitmymoney.com/ ,,20/11/2025,,a. providing custody and administration of crypto-assets on behalf of clients | c. exchange of crypto-assets for funds | d. exchange of crypto-assets for other crypto-assets | j. providing transfer services for crypto-assets on behalf of clients,NL|BE,,24/11/2025
Netherlands Authority for the Financial Markets (AFM),NL,Bitonic B.V.,7245001BEJ6U6AUU1S58,NL,Bitonic B.V.,Hoogte Kadijk 143F 8 - 1018BH Amsterdam - The Netherlands,https://bitonic.nl/en/,,21/11/2025,,a. providing custody and administration of crypto-assets on behalf of clients | c. exchange of crypto-assets for funds | e. execution of orders for crypto-assets on behalf of clients | j. providing transfer services for crypto-assets on behalf of clients,NL|AT|BE|BG|CY|CZ|DE|DK|EE|EL|ES|FI|FR|HR|HU|IE|IT|IS|LI|LT|LU|LV|MT|NO|PL|PT|RO|SE|SI|SK,,24/11/2025
Netherlands Authority for the Financial Markets (AFM),NL,Blockrise Capital B.V.,724500J6RZI9SE1AAP41,NL,Blockrise,Blaak 555 (23rd floor) - 3011GB Rotterdam - The Netherlands,https://www.blockrise.com/en ,,25/11/2025,,a. providing custody and administration of crypto-assets on behalf of clients | e. execution of orders for crypto-assets on behalf of clients | i. providing portfolio management on crypto-assets | j. providing transfer services for crypto-assets on behalf of clients,NL|BE|MT,,10/12/2025
Netherlands Authority for the Financial Markets (AFM),NL,Monflo B.V.,724500BUG93MDFGYQG03,NL,Monflo,Prins Willem-Alexandarlaan 301 - 7311SW - Apeldoorn - The Netherlands,https://www.monflo.com,,04/12/2025,,a. providing custody and administration of crypto-assets on behalf of clients | e. execution of orders for crypto-assets on behalf of clients |  j. providing transfer services for crypto-assets on behalf of clients,NL|BE|DE|LU,,04/12/2025
Netherlands Authority for the Financial Markets (AFM),NL,WEB3 Technology B.V.,724500YJVIN0Q94ZZG5,NL,"ARI10, ARI10 NL, WEB3 Technology B.V.",Prins Hendrikkade 21E - 1012TL - The Netherlands  ,https://ari10.com/en,,12/02/2026,,a. providing custody and administration of crypto-assets on behalf of clients | c. exchange of crypto-assets for funds | d. exchange of crypto-assets for other crypto-assets | j. providing transfer services for crypto-assets on behalf of clients,,,04/03/2026
Securities Market Agency (ATVP),SI,ILIRIKA borzno posredniška hiša d.d.,529900OSVFQK3XISEQ85,SI,Ilirika,Slovenska cesta 54A 1000 Ljubljana Slovenia,https://www.ilirika.si/,,20/09/2025,,a. providing custody and administration of crypto-assets on behalf of clients|e. execution of orders for crypto-assets on behalf of clients|g. reception and transmission of orders for crypto-assets on behalf of clients|i. providing portfolio management on crypto-assets,AT|BE|BG|CY|CZ|DE|DK|EE|EL|ES|FI|FR|HR|HU|IE|IS|IT|LI|LT|LU|LV|MT|NL|NO|PL|PT|RO|SE|SI|SK,,22/10/2025
Securities Market Agency (ATVP),SI,INCREMENTUM družba za izvajanje storitev v zvezi s kriptosredstvi d.o.o.,485100UM87L7ILR4L484,SI,Incrementum,Špruha 19 1236 Trzin Slovenia,https://incrementum.si/,,06/11/2025,,a. providing custody and administration of crypto-assets on behalf of clients|h. providing advice on crypto-assets|i. providing portfolio management on crypto-assets,HR|IT|SI,,04/03/2026
Securities Market Agency (ATVP),SI,Orcabay finančne storitve d.o.o.,485100OLL2HA92JDWC71,SI,Orcabay,Stegne 21C 1000 Ljubljana Slovenia,https://orcabay.io/,,10/11/2025,,e. execution of orders for crypto-assets on behalf of clients|h. providing advice on crypto-assets,,,10/11/2025
Finansinspektionen ,SE,Safello AB,894500QKMN1PCG2V7U40,SE,Safello AB,"Box 638 c/o Safello AB, 114 11, Stockholm, Sweden ",www.safello.com,www.safello.com,13/10/2025,,a. providing custody and administration of crypto-assets on behalf of clients | c. exchange of crypto-assets for funds | d. exchange of crypto-assets for other crypto-assets | e. execution of orders for crypto-assets on behalf of clients | g. reception and transmission of orders for crypto-assets on behalf of clients | j. providing transfer services for crypto-assets on behalf of clients,,,12/11/2025
National Bank of Slovakia (NBS),SK,"Fintegence, s.r.o.",097900CAKA0000272448,SK,Cryptovoucher,"Bottova 2A, 811 09 Bratislava, Slovakia",https://cryptovoucher.io/|https://giftmecrypto.io/,,18/12/2025,,a. providing custody and administration of crypto-assets on behalf of clients|c. exchange of crypto-assets for funds|j. providing transfer services for crypto-assets on behalf of clients,AT|BE|BG|CY|CZ|DE|DK|EE|EL|ES|FI|FR|HR|HU|IE|IS|IT|LI|LT|LU|LV|MT|NL|NO|PL|PT|RO|SE|SI|SK,,19/12/2025
National Bank of Slovakia (NBS),SK,FINTECH SK s. r. o.,31570000GC0U68O6PA08,SK,BITCOINMAT,"Gen. Svobodu 1, 911 08 Trenčín, Slovakia",https://bitcoinmat.sk,,19/12/2025,,a. providing custody and administration of crypto-assets on behalf of clients|c. exchange of crypto-assets for funds|d. exchange of crypto-assets for other crypto-assets |e. execution of orders for crypto-assets on behalf of clients|j. providing transfer services for crypto-assets on behalf of clients,AT|BE|BG|CY|CZ|DE|DK| EE|ES|FI|FR|GR|HR|HU|IE|IT|LT|LU|LV|MT|NL|PL|PT| RO|SE|SI|SK,,19/12/2025
National Bank of Slovakia (NBS),SK,"FUMBI, s.r.o.",097900CAKA0000269926,SK,FUMBI,"Suché mýto 6, 811 03 Bratislava, Slovakia",https://fumbi.network/sk/,,18/12/2025,,a. providing custody and administration of crypto-assets on behalf of clients|c. exchange of crypto-assets for funds|d. exchange of crypto-assets for other crypto-assets |h.providing advice on crypto-assets|i. providing portfolio management on crypto-assets| j. providing transfer services for crypto-assets on behalf of clients,AT|BE|BG|CY|CZ|DE|DK| EE|ES|FI|FR|GR|HR|HU|IE|IT|LT|LU|LV|MT|NL|PL|PT|RO|SE|SI|SK,,02/03/2026
National Bank of Slovakia (NBS),SK,Madison Six j. s. a.,097900CAKA0000249459,SK,Madison Six|crypto4me,"Slávičie údolie 106, 811 02 Bratislava, Slovakia",https://madisonsix.com/|https://crypto4me.eu,,18/12/2025,,a. providing custody and administration of crypto-assets on behalf of clients|c. exchange of crypto-assets for funds|d. exchange of crypto-assets for other crypto-assets |e. execution of orders for crypto-assets on behalf of clients|g. reception and transmission of orders for crypto-assets on behalf of clients|j. providing transfer services for crypto-assets on behalf of clients,AT|BE|BG|CY|CZ|DE|DK| EE|ES|FI|FR|GR|HR|HU|IE|IS|IT|LI|LT|LU|LV|MT|NL|NO|PL|PT|RO|SE|SI|SK,,02/03/2026
National Bank of Slovakia (NBS),SK,Firefish Europe s.r.o,9845004E55FCFA069549,SK,Firefish,"Na troskách 22, 974 01 Banská Bystrica,Slovakia",https://firefish.io/,,02/01/2026,,a. providing custody and administration of crypto-assets on behalf of clients|c. exchange of crypto-assets for funds|d. exchange of crypto-assets for other crypto-assets |j. providing transfer services for crypto-assets on behalf of clients,CZ|SK,,05/01/2026
National Bank of Slovakia (NBS),SK,Okazio s.r.o.,097900CAKA0000233454,SK,Okazio,"Bottova 2A, 811 09 Bratislava, Slovakia",https://okazio.sk/,,15/01/2026,,a. providing custody and administration of crypto-assets on behalf of clients|e. execution of orders for crypto-assets on behalf of clients| h.providing advice on crypto-assets|i. providing portfolio management on crypto-assets| j. providing transfer services for crypto-assets on behalf of clients,AT|BE|BG|CY|CZ|DE|DK| EE|ES|FI|FR|GR|HR|HU|IE|IS|IT|LI|LT|LU|LV|MT|NL|NO|PL|PT| RO|SE|SI|SK,,16/01/2026
